"FileName","OriginalPath","Length","SHA256","Status","Role"
"r1_bringup.c","C:\Users\CHJ\Downloads\tempa\r1_bringup.c","5702","A9D8E0CFC9B339DC3ADDAFCCD5E67EBBF4D69D8C5B7AC3C58E9321AB752545D1","PRESERVED","DOWNLOAD_OR_TOOL"
"r1_bringup.h","C:\Users\CHJ\Downloads\tempa\r1_bringup.h","1085","38C59EB3802E7385640D29E4B2CA64DDF4BAD23CF9C63F20B2B29432491796A1","PRESERVED","DOWNLOAD_OR_TOOL"
"r1_bringup_integrate.ps1","C:\Users\CHJ\Downloads\tempa\r1_bringup_integrate.ps1","10514","FD705F22476DBA6DC738534194274C733B524A4074DFFC2CF093375B1E660ADE","PRESERVED","DOWNLOAD_OR_TOOL"
"r1_committed_repro_build.ps1","C:\Users\CHJ\Downloads\tempa\r1_committed_repro_build.ps1","9726","2A15B8CAF531646C2818DDD744C00FF7CC674041B8AC137C44C70BCEA990DE86","PRESERVED","DOWNLOAD_OR_TOOL"
"r1_dbm_integrate.ps1","C:\Users\CHJ\Downloads\tempa\r1_dbm_integrate.ps1","9324","DD8EBBAE8CE25D6723167CD403DCE3EFE84B7450D5167E548A613D697EA3A8B6","PRESERVED","DOWNLOAD_OR_TOOL"
"r1_evidence_checkpoint.ps1","C:\Users\CHJ\Downloads\tempa\r1_evidence_checkpoint.ps1","15841","4E7A217D9292CC9868FA5F4E46EB74EA0DE7F0D2CD4D0706C6D10F8FC2BF7396","PRESERVED","DOWNLOAD_OR_TOOL"
"r1_final_focused_regression.ps1","C:\Users\CHJ\Downloads\tempa\r1_final_focused_regression.ps1","28335","EEA5CFAC3E18578D42EAB83CB338EF56D19DD847647EAF03DA86A9E0B5FBEBA1","PRESERVED","DOWNLOAD_OR_TOOL"
"r1_final_focused_regression_v2.ps1","C:\Users\CHJ\Downloads\tempa\r1_final_focused_regression_v2.ps1","28499","96EBE276FE74B9229565587E64256732EF89949B9299ABAEEFDA89D6D9D03E08","PRESERVED","DOWNLOAD_OR_TOOL"
"r1_lifecycle_bringup.c","C:\Users\CHJ\Downloads\tempa\r1_lifecycle_bringup.c","11391","B57F5077B4F50BEECE3D3D75576C82A0EE5EFD7194D33C4328C0A45F4104A5C6","PRESERVED","DOWNLOAD_OR_TOOL"
"r1_lifecycle_bringup.h","C:\Users\CHJ\Downloads\tempa\r1_lifecycle_bringup.h","2101","35E702B055A6948491FEF36D42951784C967A11A008580F698AFD62DFD5021A5","PRESERVED","DOWNLOAD_OR_TOOL"
"r1_lifecycle_build_flash.ps1","C:\Users\CHJ\Downloads\tempa\r1_lifecycle_build_flash.ps1","10379","E713E029D2D2DBE1F43051EADA4F8DD409D5CBD02208391D0685B2E461A1F0D5","PRESERVED","DOWNLOAD_OR_TOOL"
"r1_lifecycle_capture.ps1","C:\Users\CHJ\Downloads\tempa\r1_lifecycle_capture.ps1","15735","ED402FFAA8D2C421024102C26DEF585A656CEF5D58BC2135068B6572AAF85095","PRESERVED","DOWNLOAD_OR_TOOL"
"r1_lifecycle_integrate.ps1","C:\Users\CHJ\Downloads\tempa\r1_lifecycle_integrate.ps1","5405","B35D782295F5B559C407B87FCF4E48FE5415FFB6C1BC0134872FB10556F0D5FE","PRESERVED","DOWNLOAD_OR_TOOL"
"r1_raw_snapshot_capture.ps1","C:\Users\CHJ\Downloads\tempa\r1_raw_snapshot_capture.ps1","15937","2F2B8F64B5BDA0BF4FF8946FC0CF5FE57C728621EC48DDB262FAFEC2733E8149","PRESERVED","DOWNLOAD_OR_TOOL"
"r1_raw_snapshot_recovery.ps1","C:\Users\CHJ\Downloads\tempa\r1_raw_snapshot_recovery.ps1","15027","77C59D025362AEEABBE87721DB440AA5AD7CDAA53E6FA451632FEB207181F4C4","PRESERVED","DOWNLOAD_OR_TOOL"
"r1_soak_bringup.c","C:\Users\CHJ\Downloads\tempa\r1_soak_bringup.c","11536","2BEA18208F75A51E15A187B22C5EC1EB182088651A01BEDC5092CBB9798118FC","PRESERVED","DOWNLOAD_OR_TOOL"
"r1_soak_bringup.h","C:\Users\CHJ\Downloads\tempa\r1_soak_bringup.h","2250","B75A4EC44B54D31E3580A8D7E3EC96B3DA61825CEE8D53317CA455E5B1AD7020","PRESERVED","DOWNLOAD_OR_TOOL"
"r1_soak_build_flash_wait.ps1","C:\Users\CHJ\Downloads\tempa\r1_soak_build_flash_wait.ps1","11549","D12E5D252517472A8B077B3CB7CFA4A7A77753724DC8C5E2967AE70C6D460E49","PRESERVED","DOWNLOAD_OR_TOOL"
"r1_soak_capture.ps1","C:\Users\CHJ\Downloads\tempa\r1_soak_capture.ps1","15620","73A67C30E149274267C055CC77B72A8B7BEF8F74CF9E0D1A00234B3C40D2936B","PRESERVED","DOWNLOAD_OR_TOOL"
"r1_soak_integrate.ps1","C:\Users\CHJ\Downloads\tempa\r1_soak_integrate.ps1","5657","E80DE614BB64DE9F8AC8B3A456364D4A4C140322EFD89CFCA71E72E35EA9C947","PRESERVED","DOWNLOAD_OR_TOOL"
"r2_archive_inventory_v2.ps1","C:\Users\CHJ\Downloads\tempa\r2_archive_inventory_v2.ps1","12577","8013E427304A51441311C864D3F83F71934A193760AAF3C5C99DC622046787E8","FORMAL","ARCHIVE_INVENTORY"
"r2_evidence_consolidate.ps1","C:\Users\CHJ\Downloads\tempa\r2_evidence_consolidate.ps1","37735","510A48BCB01FDF50C6C4F762CDEF8B7B1484DDD0392A049D880504A5C4918D2C","PRESERVED","DOWNLOAD_OR_TOOL"
"r2_w1_buffer_pool.zip","C:\Users\CHJ\Downloads\tempa\r2_w1_buffer_pool.zip","25308","F2199CD829587A81F337E005226CD966B5953D098D63659DF2D464E3D79E26C8","PRESERVED","DOWNLOAD_OR_TOOL"
"r2_w2_dma_slots_v2.zip","C:\Users\CHJ\Downloads\tempa\r2_w2_dma_slots_v2.zip","12675","7F74C7A75CF0D993FD9A71916BD11E5E32B59D14AD22159D36ADD05DEF0B2D26","PRESERVED","DOWNLOAD_OR_TOOL"
"r2_w3_bounded_rebind.zip","C:\Users\CHJ\Downloads\tempa\r2_w3_bounded_rebind.zip","40478","60382A7A42774CEEDBE3E7FCE005335F16B83907421A82091BDB98A03D49B577","PRESERVED","DOWNLOAD_OR_TOOL"
"r2_w3_checkpoint.ps1","C:\Users\CHJ\Downloads\tempa\r2_w3_checkpoint.ps1","18086","71F0CFF5051F98D7068DE22CB2643D68196B624C2851ABB7301CBAD4282232E5","PRESERVED","DOWNLOAD_OR_TOOL"
"r2_w3_first_hardware_run.ps1","C:\Users\CHJ\Downloads\tempa\r2_w3_first_hardware_run.ps1","31113","F377A097C528A55805DCA973C772A26A466AED9BE92DF3CCE19A9168E4533CF6","PRESERVED","DOWNLOAD_OR_TOOL"
"r2_w3_preflight_source.zip","C:\Users\CHJ\Downloads\tempa\r2_w3_preflight_source.zip","26422","6D4AC684F9D209B38418E27F5910DB40281E5C974AE87C6B43099363E8648281","PRESERVED","DOWNLOAD_OR_TOOL"
"r2_w4_checkpoint.ps1","C:\Users\CHJ\Downloads\tempa\r2_w4_checkpoint.ps1","25813","B1D0CD405A0B1EBEFD508C4AE39BC38630868F5D75AC15C26E9759502D6DC3D9","PRESERVED","DOWNLOAD_OR_TOOL"
"r2_w4_first_hardware_run.ps1","C:\Users\CHJ\Downloads\tempa\r2_w4_first_hardware_run.ps1","37377","41CC4BDC616B37C05C1CE94E9B0449A16AD5A515AC7BC1CA94E8B14F99736A10","PRESERVED","DOWNLOAD_OR_TOOL"
"r2_w4_roundtrip.zip","C:\Users\CHJ\Downloads\tempa\r2_w4_roundtrip.zip","32620","FADFBAC0845473B48D5ECF8A4BF6690354F944554959453BB76BCA6E25C4217F","PRESERVED","DOWNLOAD_OR_TOOL"
"r2_w5_capacity_drop_v3.zip","C:\Users\CHJ\Downloads\tempa\r2_w5_capacity_drop_v3.zip","32040","EF56D86449EE2FFD9443CD5468A22C87E1F7F2B8CD1B5D832F13D0AF2A06AC0E","PRESERVED","DOWNLOAD_OR_TOOL"
"r2_w5_checkpoint.ps1","C:\Users\CHJ\Downloads\tempa\r2_w5_checkpoint.ps1","28417","45771DC8D415043B620B7E6E77BF74F014F6DAB8497547FC5A4A111F5CF1935C","PRESERVED","DOWNLOAD_OR_TOOL"
"r2_w5_first_hardware_run.ps1","C:\Users\CHJ\Downloads\tempa\r2_w5_first_hardware_run.ps1","41439","9E7052CAEAF62CB0E8EC6A312ECF222A3832E111966EA6054153E3B273859976","PRESERVED","DOWNLOAD_OR_TOOL"
"r2_w5_preflight_source.zip","C:\Users\CHJ\Downloads\tempa\r2_w5_preflight_source.zip","42445","8AF182DB221B9F9B967EB27D033EC95A1F9E7F11863D27F81A2E12593600C9DF","PRESERVED","DOWNLOAD_OR_TOOL"
"r2_w6_committed_regression.ps1","C:\Users\CHJ\Downloads\tempa\r2_w6_committed_regression.ps1","15799","6C816D5DD86B27E5DABC2ED90DADEB406E09083E621A54E26865C731D4504DA5","FORMAL","COMMITTED_STATE_REGRESSION"
"r2_w6_k_matrix.zip","C:\Users\CHJ\Downloads\tempa\r2_w6_k_matrix.zip","33689","92E05DFD771AE6DCC04303C6442D07780734D92A7D6F76940562172CB82CFE0F","PRESERVED","W6_INSTALL_PACKAGE"
"r2_w6_k1_drop_trace_retry.ps1","C:\Users\CHJ\Downloads\tempa\r2_w6_k1_drop_trace_retry.ps1","19351","B4D2AC1986F0DEE0EF74B507F48469E610F5769E5118195A0FD76D9949A96B78","SUPERSEDED","HOST_TRACE_TOOL_FAILED"
"r2_w6_k1_drop_trace_retry_v2.ps1","C:\Users\CHJ\Downloads\tempa\r2_w6_k1_drop_trace_retry_v2.ps1","19710","2326A884EC6E459C4ACFBE492CF950B00C16FD02E22EF4C04BD188EE1F5A37D2","PRESERVED","DOWNLOAD_OR_TOOL"
"r2_w6_k2_normal_trace.ps1","C:\Users\CHJ\Downloads\tempa\r2_w6_k2_normal_trace.ps1","17880","8B0EC8FEFA38419A56E96DFFE48B59446CA8BDAC962A7BDDF67490C275BB4079","PRESERVED","DOWNLOAD_OR_TOOL"
"r2_w6_precommit_repro.ps1","C:\Users\CHJ\Downloads\tempa\r2_w6_precommit_repro.ps1","10561","F5F9B1FD83BAE732BB9D120910D3878D986D67FC1FEEC710B5428C2741C0DF84","SUPERSEDED","PRECOMMIT_WRAPPER_FAILED"
"r2_w6_precommit_repro_v2.ps1","C:\Users\CHJ\Downloads\tempa\r2_w6_precommit_repro_v2.ps1","16205","70B9F36830987DC56B09BF6474032481328936975B58A92C25EC1A838B60F18A","SUPERSEDED","PRECOMMIT_WRAPPER_FAILED"
"r2_w6_precommit_repro_v3.ps1","C:\Users\CHJ\Downloads\tempa\r2_w6_precommit_repro_v3.ps1","18386","05AB52A1E80169CE5E0D63D8CAC094588969F7D61E6F6977F734D0A18311DB30","SUPERSEDED","PRECOMMIT_PARSER_FAILED"
"r2_w6_precommit_repro_v4.ps1","C:\Users\CHJ\Downloads\tempa\r2_w6_precommit_repro_v4.ps1","18395","8AB3DE4C5E963B6F50BDF8FBB2EC5D769030AE091F9EB96934F1E45DCDFC6A9A","FORMAL","PRECOMMIT_REPRODUCIBILITY"
"r2_w6_preflight_source.zip","C:\Users\CHJ\Downloads\tempa\r2_w6_preflight_source.zip","53867","91F69C7434FAB3007A74B8721A5C8FCAE2594CE3EC8451182D54EE1CD9F70EDE","PRESERVED","W6_PREFLIGHT_SOURCE_SNAPSHOT"
"r2_w6_run_summary.ps1","C:\Users\CHJ\Downloads\tempa\r2_w6_run_summary.ps1","21697","DADC058ADABF2D71CD0FBF6595BCFFECBC249B394B298C05CAB027D9027682EE","SUPERSEDED","HOST_SUMMARY_TOOL_BOUNDARY_BUG"
"r2_w6_run_summary_v2.ps1","C:\Users\CHJ\Downloads\tempa\r2_w6_run_summary_v2.ps1","22077","8454EE1066C60B448CC9263706D466BB573C59E3CD83BB912867BB98D4EBE41E","FORMAL","HARDWARE_SUMMARY_VALIDATOR"
"r2_w6_trace_validate.ps1","C:\Users\CHJ\Downloads\tempa\r2_w6_trace_validate.ps1","23806","6CD5F048FBDC277686F83D93DABE8F518E1938FF0056421F37F6D0A01B10711F","SUPERSEDED","HOST_TRACE_VALIDATOR_SUPERSEDED"
"r2_w6_trace_validate_v2.ps1","C:\Users\CHJ\Downloads\tempa\r2_w6_trace_validate_v2.ps1","23762","5CD675B485A91D78058EFACC7B9DF99A047722661EBA9A503AB221640C5E16E3","FORMAL","HARDWARE_TRACE_VALIDATOR"
"stm32_handoff_capture.py","C:\Users\CHJ\Downloads\tempa\stm32_handoff_capture.py","29592","68E0CBCBDEFAA70F93075698678D3FD138B200290C2033EBA0CF5C84FEF667AF","PRESERVED","DOWNLOAD_OR_TOOL"
"stm32-handoff-20260917-232541-4289db94.zip","C:\Users\CHJ\Downloads\tempa\stm32-handoff-20260917-232541-4289db94.zip","4286851","ABFBDDF8CC0F84B07EBD142A476414C8F2D6358E3C92FFF0F51A49D0EED62D7B","PRESERVED","HANDOFF_SNAPSHOT"
"stm32-handoff-20260917-232541-4289db94.zip.sha256.txt","C:\Users\CHJ\Downloads\tempa\stm32-handoff-20260917-232541-4289db94.zip.sha256.txt","110","E7D9C6267DF007983423410A8B6CDF823EA6E7C04E1B83BAB1D8941FF0C4A7FF","PRESERVED","DOWNLOAD_OR_TOOL"
