"Layer","Label","Profile","AnchorBuild","Rebuild","AnchorProgrammedSHA256","RebuiltProgrammedSHA256","ProgrammedBytesIdentical"
"W6","W6-K1-NORMAL","W6Target","E:\Projects\stm32-stream-lab\build\r2-w6-w6target-k1-normal-16185105","E:\Projects\stm32-stream-lab\build\r2-w6-w6target-k1-normal-8e6d2b96","AFD70C9B4E580AAB475577D3960223B891F4A760705FFA29CA781DA77853D64A","AFD70C9B4E580AAB475577D3960223B891F4A760705FFA29CA781DA77853D64A","True"
"W6","W6-K1-DROP","W6Target","E:\Projects\stm32-stream-lab\build\r2-w6-w6target-k1-drop-eeb059ed","E:\Projects\stm32-stream-lab\build\r2-w6-w6target-k1-drop-5c623ab6","0242FCFAAD2994B4547C5F9485CB9C5E308A9A36CB75158E3775E3F5736C2B45","0242FCFAAD2994B4547C5F9485CB9C5E308A9A36CB75158E3775E3F5736C2B45","True"
"W6","W6-K2-NORMAL","W6Target","E:\Projects\stm32-stream-lab\build\r2-w6-w6target-k2-normal-1518c429","E:\Projects\stm32-stream-lab\build\r2-w6-w6target-k2-normal-21c638d2","FCCA0ED1004CACB379752B6767CC3DAC4E3F154235C0B2B8F9EEF78C527E5579","FCCA0ED1004CACB379752B6767CC3DAC4E3F154235C0B2B8F9EEF78C527E5579","True"
"W6","W6-K2-DROP","W6Target","E:\Projects\stm32-stream-lab\build\r2-w6-w6target-k2-drop-e9491d79","E:\Projects\stm32-stream-lab\build\r2-w6-w6target-k2-drop-f5c8683a","1EC4CFB4D1D0E4273E13B966FEA0983CDC2A73E5B0ECF36EDA24B5D9D66AE879","1EC4CFB4D1D0E4273E13B966FEA0983CDC2A73E5B0ECF36EDA24B5D9D66AE879","True"
"W6","W6-K4-NORMAL","W6Target","E:\Projects\stm32-stream-lab\build\r2-w6-w6target-k4-normal-77d5741f","E:\Projects\stm32-stream-lab\build\r2-w6-w6target-k4-normal-a959316a","4EA3D68FCDACF3976C0592A0BF5AA360B15703765D101BF665CC5AB8F84D2F76","4EA3D68FCDACF3976C0592A0BF5AA360B15703765D101BF665CC5AB8F84D2F76","True"
"W6","W6-K4-DROP","W6Target","E:\Projects\stm32-stream-lab\build\r2-w6-w6target-k4-drop-64e98478","E:\Projects\stm32-stream-lab\build\r2-w6-w6target-k4-drop-3616c926","92D9A41DB004E57766B6EF852DEFC81B747E40A46EF017D606528625CD8A0D4A","92D9A41DB004E57766B6EF852DEFC81B747E40A46EF017D606528625CD8A0D4A","True"
"W6","W6-K8-NORMAL","W6Target","E:\Projects\stm32-stream-lab\build\r2-w6-w6target-k8-normal-a6b96a0b","E:\Projects\stm32-stream-lab\build\r2-w6-w6target-k8-normal-1a8b2983","CFE5D02BD66BDEDFFBD25D04A9D29A559477FE546677E2862DC2EA8DF2AFCA10","CFE5D02BD66BDEDFFBD25D04A9D29A559477FE546677E2862DC2EA8DF2AFCA10","True"
"W6","W6-K8-DROP","W6Target","E:\Projects\stm32-stream-lab\build\r2-w6-w6target-k8-drop-7a95200b","E:\Projects\stm32-stream-lab\build\r2-w6-w6target-k8-drop-4c35c33d","57E02134B44EDBD66EA111BD3B3320B3E0A929AB9364A7C13C48F3D7D60784E3","57E02134B44EDBD66EA111BD3B3320B3E0A929AB9364A7C13C48F3D7D60784E3","True"
"W5","W5","W5Regression","E:\Projects\stm32-stream-lab\build\r2-w5-w5target-c4b79468","E:\Projects\stm32-stream-lab\build\r2-w6-w5regression-f75641d7","1754A7CF2BF24F3CC5729A2F3FD2160A1CA3EDA9569C8F1EE738A3E6B1F456CD","1754A7CF2BF24F3CC5729A2F3FD2160A1CA3EDA9569C8F1EE738A3E6B1F456CD","True"
"W4","W4","W4Regression","E:\Projects\stm32-stream-lab\build\r2-w4-w4target-e2e7b31f","E:\Projects\stm32-stream-lab\build\r2-w6-w4regression-bf57fbe7","7406F071CF6027449381DDF84B93558D15D8C9AD90B03F3F1135CCC440CF950D","7406F071CF6027449381DDF84B93558D15D8C9AD90B03F3F1135CCC440CF950D","True"
"W3","W3","W3Regression","E:\Projects\stm32-stream-lab\build\r2-w3-w3target-23c9886a","E:\Projects\stm32-stream-lab\build\r2-w6-w3regression-a96a43cc","69A3F53AF64627D392AD8BF5EBCF815DEF5ED69BA92FC0692AD0BE2E9B3A7BB5","69A3F53AF64627D392AD8BF5EBCF815DEF5ED69BA92FC0692AD0BE2E9B3A7BB5","True"
"R1","R1","R1Baseline","E:\Projects\stm32-stream-lab\build\r2-w5-r1baseline-230b5252","E:\Projects\stm32-stream-lab\build\r2-w6-r1baseline-f7deb1b0","BEB4EC27F19F1C09B33C703AE1E8DA1738E2B0AA5B12C580B82D7411367181EE","BEB4EC27F19F1C09B33C703AE1E8DA1738E2B0AA5B12C580B82D7411367181EE","True"
